Workbook

Sheet README
A1: AutoDock — planning workbook
A2: Project: AUTODOCK — AutoDock
A3: Workstreams: EE = Electronics and ELectrical Designing, MEC = Mechanical Designing, PC = Procurement, ROS = Robot Software and Development
A5: Fill the sheets in order. Each one depends on the names you used in the one before it.
A7: 1. Team people who will own or review work. Skip anyone already listed on Reference.
A8: 2. Milestones the checkpoints inside each workstream.
A9: 3. Deliverables optional. Named outputs under a milestone. Skip the sheet entirely if you
A10: do not need this level.
A11: 4. Tasks the actual work. This is the sheet that matters most.
A12: 5. Supply optional. Long-lead orders and supply risks, so they can be watched.
A14: Rules
A16: RED header = required. The row is rejected without it.
... A46: not be resolved. Nothing is written until the whole file validates.

Sheet Team
A1: People to add. Anyone already in the system is listed on the Reference sheet — do not repeat them here.
A2: Name | B2: Email | C2: Role | D2: Title
A3: EXAMPLE - delete this row | B3: example@vegam.co | C3: employee | D3: Mechanical Engineer

Sheet Milestones
A1: Checkpoints inside each workstream. A milestone groups tasks; it is not itself a task.
A2: Workstream | B2: Milestone Name | C2: Description | D2: Start Date | E2: End Date | F2: Target Date | G2: Timeline Label | H2: Long-Lead Items / Risks
A3: EXAMPLE - delete this row | B3: Chassis frame complete | C3: Welded frame, squared and load-tested | G3: W1 - W3 | H3: Aluminium extrusion - 3 week lead

Sheet Deliverables
A1: OPTIONAL SHEET. Only use it if you want a layer between a milestone and its tasks. Leave empty otherwise.
A2: Workstream | B2: Milestone Name | C2: Deliverable Name | D2: Description | E2: Due Date | F2: Due Label | G2: Critical
A3: EXAMPLE - delete this row | B3: Chassis frame complete | C3: Load test report | D3: Signed-off test sheet | F3: by W3 | G3: no

Sheet Tasks
A1: The work itself. Every task needs a workstream, a title, and a start and due date.
A2: Workstream | B2: Milestone Name | C2: Deliverable Name | D2: Task Title | E2: Description | F2: Owner Email | G2: Reviewer Email | H2: Supporters (emails, comma-separated) | I2: Priority | J2: Start Date | K2: Due Date | L2: Day 1 Outcome | M2: Day 2 Outcome | N2: Day 3 Outcome | O2: Next Action | P2: Depends On (task titles)
A3: EXAMPLE - delete this row | B3: Chassis frame complete | D3: Cut and square extrusion for base frame | E3: All 8 members cut to drawing, ends faced | F3: rani@vegam.co | I3: P1 | L3: Cut all 8 members to length | O3: Confirm stock on hand

Sheet Supply
A1: OPTIONAL SHEET. Long-lead orders and supply risks. An order placed late arrives late and nothing else can move — this is what lets the system warn you in advance.
A2: Workstream | B2: Milestone Name | C2: Item | D2: Kind | E2: Lead Time (weeks) | F2: Order By | G2: Needed By | H2: Status | I2: Owner Email | J2: Critical | K2: Note
A3: EXAMPLE - delete this row | B3: Chassis frame complete | C3: VFD unit | D3: order | E3: 8 | H3: not_ordered | J3: yes | K3: Quote pending from vendor

Sheet Reference
A1: Read-only. Generated from the live system — do not edit.
A2: Workstream Code | B2: Workstream Name | D2: Existing Member | E2: Email | G2: Role / Priority / Status values | H2: All emails (owner dropdown)
A3: EE | B3: Electronics and ELectrical Designing | D3: Rani | E3: rani@vegam.co | G3: Roles: manager, employee | H3: rani@vegam.co
A4: MEC | B4: Mechanical Designing | G4: Priority: P0, P1, P2, P3 | H4: =IF(Team!B3="","",Team!B3)
A5: PC | B5: Procurement | G5: Supply kind: order, risk | H5: =IF(Team!B4="","",Team!B4)
A6: ROS | B6: Robot Software and Development | G6: Supply status: not_ordered, ordered, received, not_needed | H6: =IF(Team!B5="","",Team!B5)
G7: Max task span: 3 calendar days | H7: =IF(Team!B6="","",Team!B6)
G8: Dates: YYYY-MM-DD | H8: =IF(Team!B7="","",Team!B7)
H9: =IF(Team!B8="","",Team!B8)
H10: =IF(Team!B9="","",Team!B9)
H11: =IF(Team!B10="","",Team!B10)
H12: =IF(Team!B11="","",Team!B11)
H13: =IF(Team!B12="","",Team!B12)
H14: =IF(Team!B13="","",Team!B13)
H15: =IF(Team!B14="","",Team!B14)
H16: =IF(Team!B15="","",Team!B15)
H17: =IF(Team!B16="","",Team!B16)
H18: =IF(Team!B17="","",Team!B17)
H19: =IF(Team!B18="","",Team!B18)
H20: =IF(Team!B19="","",Team!B19)
... H400: =IF(Team!B399="","",Team!B399)
